"Timestamp","Jenis Kelamin","Usia","Pendidikan terakhir","Orang-orang Yahudi memiliki kekuatan dan pengaruh yang terlalu besar di dunia","Sistem keuangan dan perbankan di dunia didominasi oleh keluarga Yahudi","Orang-orang Yahudi menggunakan kekuasaannya di media massa untuk mendukung kepentingan/agenda pro-Yahudi","Orang-orang Yahudi telah menyebabkan krisis ekonomi di negara ini akibat berambisi mencapai kepentingan kaumnya sendiri","Orang-orang Yahudi merupakan penyebab dari dampak buruk globalisasi yang juga dirasakan sampai di negara ini","Orang-orang Yahudi berusaha untuk mendirikan pemerintahan dunia yang bergerak secara rahasia","Orang-orang Yahudi menjalankan pemerintahan di Amerika Serikat yang secara rahasia bekerjasama dengan Israel","Orang-orang Yahudi menciptakan sistem kapitalisme untuk keuntungan kaumnya sendiri","Tragedi Holocaust sengaja dibuat-buat untuk kepentingan orang-orang Yahudi","Orang-orang Yahudi bertanggung jawab terhadap kerusakan sosial dan moral di negara ini","Orang-orang Yahudi menggunakan kelompok politik dan organisasi untuk mengacaukan tatanan negara ini","Organisasi semacam Freemasons adalah sarana bagi orang-orang Yahudi untuk mempengaruhi pemerintahan di seluruh dunia secara rahasia","Diskriminasi terhadap orang keturunan Cina tidak lagi menjadi masalah di Indonesia","Sangat mudah untuk memahami alasan kemarahan orang-orang keturunan Cina di Indonesia","Orang keturunan Cina memiliki pengaruh lebih terhadap program toleransi di sekolah daripada yang seharusnya","Orang keturunan Cina menjadi terlalu menuntut dalam upaya mereka memperjuangkan persamaan hak","Orang keturunan Cina seharusnya tidak memaksakan diri untuk terus berada di tempat dimana mereka tidak diinginkan","Selama beberapa tahun terakhir, orang keturunan Cina mendapatkan lebih banyak keuntungan secara ekonomi daripada yang pantas mereka dapatkan","Selama beberapa tahun terakhir, pemerintah dan media telah menunjukkan rasa hormat yang lebih kepada orang keturunan Cina daripada yang pantas mereka terima","SD1","Seberapa berkenankah Anda menerima keturunan Cina sebagai kerabat dekat karena pernikahan (misalnya ia sebagai pasangan dari kerabat dekat)?","SD2","Seberapa berkenankah Anda menerima keturunan Cina sebagai teman dekat Anda?","SD3","Seberapa berkenankah Anda menerima keturunan Cina sebagai tetangga di lingkungan perumahan yang sama?","SD4","Seberapa berkenankah Anda menerima keturunan Cina sebagai rekan kerja di tempat kerja yang sama?","SD5","Seberapa berkenankah Anda menerima keturunan Cina sebagai warga negara di Indonesia?","SD6","Seberapa berkenankah Anda menerima keturunan Cina sebagai pengunjung WNA di Indonesia?","SD7","Seberapa berkenankah Anda menerima keturunan Cina sebagai seorang yang seharusnya dilarang masuk ke Indonesia?","konspiratif-yahudi","modern-racism","social-distance"
"02/01/2021 12:11","Perempuan",20,"SMA/SMK",6,6,6,4,4,5,5,5,2,2,2,4,2,4,4,2,2,2,2,2,6,2,6,2,6,2,6,2,6,2,6,6,2,51.0,18.0,42
"02/01/2021 12:12","Perempuan",23,"S1",5,4,3,3,2,2,5,3,3,2,1,3,2,3,2,2,1,1,1,1,7,1,7,1,7,1,7,1,7,3,5,5,3,36.0,12.0,33
"02/01/2021 12:15","Perempuan",19,"SMA/SMK",4,3,5,6,6,5,5,6,4,5,6,5,2,4,4,3,2,4,3,2,6,1,7,1,7,1,7,1,7,1,7,2,6,60.0,22.0,22
"02/01/2021 12:16","Laki-laki",21,"D3",5,6,5,4,4,4,6,6,5,4,5,5,1,4,4,2,3,2,3,1,7,1,7,1,7,1,7,1,7,7,1,7,1,59.0,19.0,57
"02/01/2021 12:17","Perempuan",22,"D3",4,4,5,6,3,5,4,5,4,1,2,4,1,5,3,1,1,1,1,2,6,1,7,1,7,1,7,1,7,1,7,7,1,47.0,13.0,22
"02/01/2021 12:20","Laki-laki",21,"D3",2,4,4,4,5,4,3,5,4,3,4,5,3,4,2,3,4,3,2,4,4,5,3,4,4,3,5,4,4,5,3,4,4,47.0,21.0,88
"02/01/2021 12:20","Perempuan",20,"SMA/SMK",3,3,4,5,2,5,4,5,4,4,5,5,2,5,4,3,3,2,3,2,6,1,7,1,7,2,6,2,6,2,6,6,2,49.0,22.0,37
"02/01/2021 12:25","Perempuan",20,"S1",5,6,5,4,3,4,4,4,4,4,4,4,4,4,4,3,2,3,3,5,3,2,6,2,6,2,6,4,4,4,4,4,4,51.0,23.0,67
"02/01/2021 12:27","Perempuan",19,"SMA/SMK",5,6,5,4,4,4,4,6,5,3,3,4,2,4,3,2,1,2,2,2,6,1,7,1,7,1,7,1,7,1,7,1,7,53.0,16.0,22
"02/01/2021 12:36","Perempuan",20,"SMA/SMK",6,6,6,6,6,6,6,6,6,6,6,6,4,3,3,2,2,2,2,2,6,2,6,2,6,2,6,2,6,2,6,2,6,72.0,18.0,42
"02/01/2021 12:48","Laki-laki",25,"S1",6,6,7,7,7,7,7,7,7,7,7,7,2,3,2,4,4,4,5,5,3,4,4,4,4,7,1,3,5,1,7,2,6,82.0,24.0,74
"02/01/2021 12:49","Perempuan",21,"D3",5,3,4,3,2,4,4,3,5,1,2,6,2,4,3,1,1,3,1,2,6,1,7,1,7,1,7,1,7,1,7,7,1,42.0,15.0,22
"02/01/2021 12:57","Perempuan",24,"S1",5,4,2,2,1,2,3,4,6,2,2,5,2,4,4,3,4,5,3,3,5,1,7,2,6,3,5,2,6,2,6,7,1,38.0,25.0,45
"02/01/2021 12:59","Perempuan",18,"SMA/SMK",5,4,3,6,5,4,5,4,3,2,6,6,1,4,4,4,4,5,2,3,5,4,4,3,5,4,4,6,2,4,4,7,1,53.0,24.0,90
"02/01/2021 13:00","Perempuan",22,"S1",5,5,6,7,6,6,6,7,6,5,7,5,3,5,2,5,5,5,4,5,3,3,5,3,5,5,3,1,7,1,7,4,4,71.0,29.0,51
"02/01/2021 13:04","Perempuan",19,"SMA/SMK",5,5,3,3,2,4,5,5,4,3,5,5,1,4,4,3,3,4,3,2,6,2,6,2,6,3,5,3,5,4,4,5,3,49.0,22.0,63
"02/01/2021 13:05","Laki-laki",18,"SMA/SMK",6,7,7,3,7,7,7,7,7,7,7,7,5,4,5,5,5,2,4,2,6,2,6,2,6,2,6,2,6,2,6,7,1,79.0,30.0,42
"02/01/2021 13:50","Laki-laki",24,"SMA/SMK",5,4,5,4,4,4,4,7,1,4,4,4,3,5,3,4,1,3,4,1,7,1,7,1,7,1,7,1,7,4,4,4,4,50.0,23.0,39
"02/01/2021 13:50","Perempuan",22,"D3",6,6,4,3,4,3,7,7,4,3,4,6,2,4,4,3,3,2,4,1,7,1,7,1,7,1,7,1,7,4,4,7,1,57.0,22.0,39
"02/01/2021 14:54","Perempuan",22,"S1",1,2,6,4,4,6,6,6,6,6,6,6,4,3,3,3,3,4,3,3,5,2,6,2,6,2,6,2,6,2,6,4,4,59.0,23.0,43
"02/01/2021 15:31","Perempuan",20,"SMA/SMK",6,6,6,6,6,6,7,7,6,6,6,7,2,5,5,2,2,3,3,3,5,1,7,1,7,1,7,1,7,2,6,4,4,75.0,22.0,29
"02/01/2021 16:02","Perempuan",19,"SMA/SMK",3,3,5,4,3,3,5,5,4,4,4,4,3,4,2,2,2,4,4,4,4,2,6,2,6,2,6,2,6,2,6,6,2,47.0,21.0,44
"02/01/2021 17:08","Perempuan",23,"S1",4,4,5,4,3,4,4,5,4,2,2,4,1,3,2,2,1,2,3,2,6,1,7,1,7,2,6,1,7,4,4,5,3,45.0,14.0,44
"02/01/2021 18:06","Perempuan",20,"D3",6,7,5,5,6,6,6,6,4,3,3,3,2,5,4,3,1,1,4,2,6,1,7,1,7,1,7,1,7,1,7,4,4,60.0,20.0,22
"02/01/2021 20:31","Perempuan",20,"SMA/SMK",4,4,5,4,4,4,4,4,4,4,4,5,3,3,3,3,3,3,3,1,7,1,7,1,7,1,7,1,7,1,7,4,4,50.0,21.0,21
"02/01/2021 20:50","Perempuan",22,"S1",3,3,4,4,4,6,7,5,4,4,4,6,5,4,5,4,4,5,5,1,7,1,7,1,7,4,4,3,5,3,5,4,4,54.0,32.0,55
"02/01/2021 21:10","Perempuan",23,"D3",5,3,3,2,2,2,4,3,3,2,2,3,2,2,3,2,2,2,2,2,6,2,6,2,6,2,6,2,6,2,6,6,2,34.0,15.0,42
"02/01/2021 21:15","Laki-laki",19,"SMA/SMK",5,3,5,4,5,6,4,7,3,4,3,4,3,4,2,3,2,4,3,3,5,1,7,1,7,3,5,2,6,5,3,6,2,53.0,21.0,60
"02/01/2021 21:25","Perempuan",18,"SMA/SMK",7,7,7,6,5,7,7,6,4,4,5,7,4,4,3,3,3,5,5,2,6,2,6,2,6,2,6,3,5,2,6,5,3,72.0,27.0,47
"02/01/2021 21:45","Laki-laki",21,"SMA/SMK",6,4,6,6,7,6,4,6,5,1,6,4,5,5,3,5,4,5,4,4,4,4,4,5,3,4,4,6,2,2,6,5,3,61.0,31.0,85
"02/01/2021 22:02","Perempuan",20,"S1",4,4,4,4,4,5,5,6,5,4,5,5,2,3,2,3,2,2,1,2,6,1,7,1,7,2,6,1,7,2,6,5,3,55.0,15.0,32
"02/01/2021 22:51","Perempuan",25,"S1",6,6,7,4,5,7,7,7,4,4,7,5,2,4,4,4,3,4,5,2,6,1,7,1,7,1,7,3,5,3,5,5,3,69.0,26.0,44
"02/01/2021 23:49","Laki-laki",19,"SMA/SMK",3,4,3,2,2,2,5,5,2,3,3,4,2,3,2,3,2,3,2,1,7,1,7,1,7,2,6,1,7,1,7,3,5,38.0,17.0,25
"02/02/2021 01:02","Perempuan",20,"SMA/SMK",2,2,2,2,1,2,2,2,1,1,1,2,1,5,3,1,1,2,2,1,7,1,7,1,7,1,7,1,7,1,7,7,1,20.0,15.0,21
"02/02/2021 01:17","Perempuan",19,"SMA/SMK",3,6,5,5,4,6,6,6,6,5,5,5,2,2,4,5,5,5,4,1,7,2,6,1,7,6,2,3,5,3,5,5,3,62.0,27.0,65
"02/02/2021 01:38","Laki-laki",22,"S1",6,6,5,4,4,4,6,5,5,4,4,4,1,2,4,3,3,2,3,1,7,1,7,1,7,1,7,1,7,1,7,6,2,57.0,18.0,21
"02/02/2021 07:10","Perempuan",21,"SMA/SMK",5,6,5,5,6,4,6,5,5,4,5,5,4,3,4,4,4,4,5,2,6,3,5,2,6,2,6,3,5,3,5,3,5,61.0,28.0,55
"02/02/2021 07:36","Perempuan",22,"S1",4,4,4,3,5,3,4,4,5,3,4,4,3,2,2,2,4,3,4,5,3,4,4,4,4,4,4,4,4,4,4,3,5,47.0,20.0,85
"02/02/2021 07:59","Perempuan",21,"SMA/SMK",7,5,4,4,4,4,4,4,4,4,4,4,3,2,3,3,3,3,3,2,6,1,7,1,7,1,7,1,7,1,7,3,5,52.0,20.0,22
"02/02/2021 08:40","Perempuan",20,"SMA/SMK",6,7,7,5,2,3,1,3,2,3,3,3,2,2,5,1,2,5,4,1,7,1,7,1,7,1,7,1,7,1,7,5,3,45.0,21.0,21
"02/02/2021 09:49","Laki-laki",20,"SMA/SMK",3,4,2,2,4,3,4,4,4,1,4,4,4,5,3,3,1,3,3,1,7,1,7,1,7,1,7,1,7,2,6,4,4,39.0,22.0,27
"02/02/2021 11:00","Laki-laki",28,"SMA/SMK",5,5,5,2,3,4,5,5,2,1,2,2,2,5,4,3,2,5,3,1,7,1,7,2,6,2,6,2,6,4,4,4,4,41.0,24.0,51
"02/02/2021 13:38","Perempuan",23,"S1",5,4,4,3,3,4,4,5,4,3,4,5,2,4,3,3,2,4,2,2,6,1,7,1,7,1,7,1,7,2,6,6,2,48.0,20.0,28
"02/02/2021 13:58","Perempuan",20,"S1",4,4,5,5,4,5,6,5,4,3,4,4,4,2,3,3,4,4,3,3,5,1,7,1,7,2,6,3,5,2,6,4,4,53.0,23.0,43
"02/02/2021 14:03","Perempuan",20,"SMA/SMK",3,3,3,5,1,3,4,3,3,2,2,2,2,3,2,2,2,2,2,1,7,1,7,1,7,1,7,1,7,1,7,2,6,34.0,15.0,21
"02/02/2021 14:05","Perempuan",19,"S1",3,3,3,3,3,3,3,3,3,3,3,2,2,2,2,1,2,2,2,4,4,2,6,1,7,1,7,1,7,2,6,4,4,35.0,13.0,32
"02/02/2021 14:05","Perempuan",20,"S1",4,5,2,2,2,3,3,6,4,3,5,6,1,2,2,5,5,3,2,2,6,2,6,4,4,4,4,2,6,4,4,7,1,45.0,20.0,68
"02/02/2021 14:17","Perempuan",20,"S1",4,4,4,4,4,4,4,4,4,4,4,4,3,3,3,3,3,3,3,2,6,1,7,2,6,2,6,2,6,2,6,7,1,48.0,21.0,40
"02/02/2021 14:31","Perempuan",20,"SMA/SMK",3,3,3,3,3,3,3,3,4,3,4,5,2,2,3,3,1,4,1,1,7,1,7,1,7,1,7,1,7,1,7,7,1,40.0,16.0,21
"02/02/2021 14:46","Perempuan",21,"SMA/SMK",4,4,4,4,4,4,4,4,4,4,4,4,3,4,3,4,1,3,3,2,6,2,6,2,6,2,6,1,7,2,6,6,2,48.0,21.0,37
"02/02/2021 14:47","Perempuan",21,"SMA/SMK",3,4,4,4,5,5,4,5,3,4,3,5,1,3,3,2,3,2,4,2,6,1,7,1,7,1,7,3,5,3,5,5,3,49.0,18.0,44
"02/02/2021 15:31","Perempuan",20,"SMA/SMK",6,6,6,4,2,3,4,6,3,1,3,2,4,4,4,2,3,4,4,3,5,4,4,5,3,2,6,4,4,5,3,4,4,46.0,25.0,84
"02/02/2021 15:42","Perempuan",21,"SMA/SMK",6,5,6,5,5,6,7,6,5,4,4,6,3,5,5,4,4,5,3,4,4,3,5,3,5,1,7,4,4,4,4,4,4,65.0,29.0,67
"02/02/2021 16:17","Perempuan",20,"SMA/SMK",4,4,5,4,6,6,6,6,6,6,6,6,3,3,3,3,3,4,3,4,4,2,6,2,6,2,6,2,6,2,6,4,4,65.0,22.0,44
"02/02/2021 16:19","Perempuan",20,"SMA/SMK",6,6,3,4,4,5,5,7,4,1,2,4,1,5,1,2,3,5,2,1,7,1,7,1,7,3,5,3,5,2,6,2,6,51.0,19.0,45
"02/02/2021 16:21","Perempuan",20,"SMA/SMK",4,4,4,4,4,4,4,4,4,4,4,4,2,2,2,3,2,2,2,1,7,1,7,1,7,1,7,4,4,4,4,7,1,48.0,15.0,54
"02/02/2021 16:30","Perempuan",23,"D3",6,6,5,6,5,6,5,4,5,6,5,5,4,4,3,4,5,4,3,2,6,3,5,2,6,2,6,2,6,3,5,1,7,64.0,27.0,50
"02/02/2021 16:31","Perempuan",22,"S1",5,6,4,5,3,4,3,6,4,2,3,4,2,4,3,3,2,2,2,2,6,1,7,3,5,2,6,2,6,4,4,6,2,49.0,18.0,55
"02/02/2021 16:31","Perempuan",18,"SMA/SMK",2,3,5,5,5,5,5,5,5,6,5,5,1,2,2,1,1,1,1,1,7,1,7,1,7,4,4,1,7,5,3,3,5,56.0,9.0,57
"02/02/2021 16:32","Perempuan",19,"SMA/SMK",5,5,3,3,3,3,4,5,4,3,3,4,4,3,4,2,2,3,2,2,6,2,6,2,6,2,6,2,6,2,6,2,6,45.0,20.0,42
"02/02/2021 16:32","Perempuan",22,"SMA/SMK",5,3,5,5,4,4,6,5,6,1,3,3,1,4,3,3,2,5,4,3,5,2,6,1,7,1,7,2,6,4,4,5,3,50.0,22.0,48
"02/02/2021 16:33","Perempuan",23,"S1",5,4,4,5,5,4,4,5,5,5,5,5,2,5,4,3,2,3,3,1,7,1,7,1,7,1,7,1,7,3,5,6,2,56.0,22.0,33
"02/02/2021 16:34","Perempuan",20,"SMA/SMK",4,6,6,5,5,6,6,5,4,4,6,5,2,4,3,3,3,5,4,2,6,1,7,1,7,1,7,2,6,2,6,4,4,62.0,24.0,33
"02/02/2021 16:35","Perempuan",19,"SMA/SMK",3,3,5,5,2,6,4,6,4,3,4,5,5,3,4,4,3,5,4,3,5,2,6,2,6,4,4,5,3,2,6,4,4,50.0,28.0,66
"02/02/2021 16:36","Perempuan",19,"SMA/SMK",5,5,6,6,6,7,7,6,5,6,7,7,4,4,4,5,2,4,5,4,4,3,5,3,5,3,5,3,5,5,3,7,1,73.0,28.0,76
"02/02/2021 16:36","Perempuan",24,"S1",5,5,7,4,3,4,7,7,2,3,3,4,1,4,3,4,1,4,3,1,7,1,7,1,7,1,7,1,7,2,6,7,1,54.0,20.0,27
"02/02/2021 16:36","Perempuan",21,"SMA/SMK",6,7,6,5,5,4,5,6,6,5,4,5,3,4,4,3,2,3,3,2,6,2,6,2,6,2,6,2,6,2,6,4,4,64.0,22.0,42
"02/02/2021 16:38","Perempuan",20,"SMA/SMK",5,6,4,5,3,5,5,5,4,2,5,5,4,4,3,2,1,3,4,4,4,1,7,1,7,2,6,2,6,4,4,7,1,54.0,21.0,51
"02/02/2021 16:39","Laki-laki",18,"SMA/SMK",4,3,2,2,1,1,2,3,1,1,1,1,2,3,3,3,2,3,3,1,7,1,7,1,7,1,7,4,4,1,7,7,1,22.0,19.0,36
"02/02/2021 16:44","Laki-laki",22,"SMA/SMK",6,6,6,3,3,4,5,4,4,2,2,2,1,2,4,3,3,2,2,1,7,1,7,1,7,1,7,1,7,5,3,7,1,47.0,17.0,45
"02/02/2021 16:44","Perempuan",22,"D3",6,3,5,3,5,5,5,6,3,3,2,4,2,3,3,2,2,4,4,2,6,2,6,3,5,3,5,1,7,5,3,7,1,50.0,20.0,62
"02/02/2021 16:44","Perempuan",23,"S1",6,6,7,6,5,7,7,7,6,6,6,7,4,4,3,4,3,5,5,3,5,3,5,3,5,3,5,3,5,5,3,4,4,76.0,28.0,75
"02/02/2021 17:06","Perempuan",20,"SMA/SMK",5,5,5,4,4,5,5,5,4,3,3,4,2,3,3,3,2,2,3,2,6,2,6,2,6,2,6,1,7,1,7,6,2,52.0,18.0,31
"02/02/2021 17:08","Laki-laki",23,"S1",3,4,3,3,4,4,5,5,5,3,3,4,2,2,5,5,5,4,3,6,2,2,6,2,6,5,3,3,5,5,3,5,3,46.0,26.0,81
"02/02/2021 17:18","Perempuan",18,"SMA/SMK",5,3,5,3,4,6,7,6,4,3,4,5,3,2,4,2,3,4,4,1,7,1,7,1,7,1,7,2,6,2,6,4,4,55.0,22.0,32
"02/02/2021 17:44","Perempuan",23,"S1",5,6,6,5,7,6,6,6,6,6,6,6,1,5,3,2,2,5,4,4,4,1,7,1,7,3,5,3,5,2,6,7,1,71.0,22.0,48
"02/02/2021 18:44","Perempuan",20,"SMA/SMK",3,3,3,2,2,1,4,3,2,2,2,2,4,5,3,2,1,3,2,1,7,1,7,1,7,1,7,1,7,2,6,3,5,29.0,20.0,27
"02/02/2021 18:53","Perempuan",24,"D3",4,7,7,7,5,7,7,6,5,5,7,5,2,4,5,5,5,5,3,3,5,4,4,4,4,5,3,4,4,6,2,3,5,72.0,29.0,99
"02/02/2021 18:58","Laki-laki",21,"D3",3,4,4,6,6,7,5,5,3,2,6,3,4,3,3,3,2,5,4,1,7,1,7,3,5,5,3,1,7,4,4,2,6,54.0,24.0,61
"02/02/2021 19:34","Perempuan",20,"S1",5,5,4,4,2,4,4,4,4,4,4,4,3,3,4,2,2,2,2,1,7,1,7,1,7,1,7,1,7,1,7,7,1,48.0,18.0,21
"02/02/2021 19:37","Perempuan",21,"SMA/SMK",5,4,6,4,4,6,6,6,6,2,4,5,1,3,4,2,1,3,2,1,7,1,7,1,7,1,7,1,7,1,7,1,7,58.0,16.0,21
"02/02/2021 19:43","Perempuan",21,"S1",2,4,5,5,4,4,6,6,4,5,4,4,2,4,4,3,3,3,4,1,7,1,7,1,7,1,7,1,7,2,6,4,4,53.0,23.0,27
"02/02/2021 19:52","Perempuan",20,"SMA/SMK",3,3,3,2,2,4,6,5,1,1,3,3,1,2,4,2,2,3,2,1,7,1,7,1,7,3,5,1,7,7,1,7,1,36.0,16.0,65
"02/02/2021 20:05","Perempuan",20,"SMA/SMK",3,3,4,5,3,5,5,5,4,3,4,5,3,2,3,2,2,2,3,3,5,2,6,2,6,2,6,2,6,2,6,5,3,49.0,17.0,43
"02/02/2021 20:05","Perempuan",21,"SMA/SMK",5,5,5,5,6,4,4,4,4,4,4,4,2,2,3,3,4,3,3,3,5,4,4,5,3,4,4,4,4,4,4,4,4,54.0,20.0,86
"02/02/2021 20:15","Perempuan",23,"S1",6,5,6,5,5,7,6,6,6,6,6,6,5,4,4,5,5,5,5,4,4,4,4,4,4,4,4,3,5,6,2,5,3,70.0,33.0,91
"02/02/2021 20:16","Perempuan",22,"SMA/SMK",5,4,4,4,4,4,5,5,4,4,4,4,2,3,3,2,1,4,3,2,6,2,6,1,7,3,5,1,7,2,6,7,1,51.0,18.0,38
"02/02/2021 20:17","Perempuan",22,"SMA/SMK",3,4,4,4,4,3,3,5,4,4,4,4,1,4,4,2,2,2,3,1,7,1,7,1,7,1,7,1,7,1,7,6,2,46.0,18.0,21
"02/02/2021 20:17","Perempuan",22,"SMA/SMK",5,5,5,4,6,6,5,6,4,6,5,6,2,4,4,3,2,3,3,3,5,2,6,1,7,2,6,1,7,3,5,5,3,63.0,21.0,41
"02/02/2021 20:17","Perempuan",18,"SMA/SMK",5,4,6,3,4,6,7,7,7,1,1,7,2,3,5,5,3,5,4,1,7,1,7,1,7,1,7,2,6,4,4,5,3,58.0,27.0,44
"02/02/2021 20:17","Perempuan",20,"SMA/SMK",5,6,5,4,4,4,5,6,4,3,4,4,4,4,4,4,1,4,4,2,6,1,7,1,7,1,7,1,7,1,7,7,1,54.0,25.0,22
"02/02/2021 20:17","Perempuan",24,"S1",5,6,7,6,5,7,7,7,7,6,7,6,2,4,3,3,5,4,4,4,4,1,7,1,7,1,7,2,6,5,3,6,2,76.0,25.0,53
"02/02/2021 20:18","Perempuan",19,"SMA/SMK",4,4,4,4,4,4,4,4,4,4,4,4,2,4,4,3,3,3,3,2,6,1,7,1,7,3,5,2,6,2,6,3,5,48.0,22.0,41
"02/02/2021 20:18","Perempuan",18,"SMA/SMK",4,3,3,3,3,3,3,5,5,3,4,4,4,3,3,4,3,2,2,4,4,2,6,3,5,3,5,3,5,3,5,3,5,43.0,21.0,62
"02/02/2021 20:18","Perempuan",18,"SMA/SMK",7,7,7,7,4,4,7,7,4,5,7,4,3,1,5,5,5,5,5,4,4,4,4,4,4,4,4,4,4,4,4,4,4,70.0,29.0,84
"02/02/2021 20:18","Perempuan",18,"SMA/SMK",5,6,4,5,6,6,6,6,4,4,6,4,4,4,3,4,5,3,5,2,6,1,7,1,7,2,6,4,4,6,2,4,4,62.0,28.0,71
"02/02/2021 20:19","Perempuan",20,"SMA/SMK",2,2,2,2,2,2,2,2,2,1,1,2,1,1,2,2,1,1,1,1,7,1,7,1,7,1,7,1,7,1,7,7,1,22.0,9.0,21
"02/02/2021 20:19","Perempuan",23,"S1",6,6,5,5,4,5,6,5,4,3,4,4,3,2,3,3,3,4,4,2,6,1,7,1,7,1,7,1,7,1,7,7,1,57.0,22.0,22
"02/02/2021 20:20","Laki-laki",19,"SMA/SMK",6,6,5,4,5,4,4,4,4,4,4,4,4,3,4,3,2,3,4,1,7,1,7,1,7,1,7,1,7,3,5,4,4,54.0,23.0,33
"02/02/2021 20:20","Perempuan",19,"SMA/SMK",4,6,4,5,5,5,5,5,5,3,3,6,5,4,4,3,2,2,2,1,7,1,7,1,7,1,7,1,7,1,7,2,6,56.0,22.0,21
"02/02/2021 20:20","Perempuan",19,"SMA/SMK",7,7,7,7,7,7,5,7,4,7,7,6,2,4,3,3,4,5,5,3,5,1,7,1,7,3,5,3,5,1,7,2,6,78.0,26.0,41
"02/02/2021 20:21","Perempuan",18,"SMA/SMK",5,4,5,3,7,6,6,6,6,6,7,6,2,3,3,3,2,5,5,2,6,1,7,1,7,1,7,1,7,4,4,6,2,67.0,23.0,40
"02/02/2021 20:21","Perempuan",20,"SMA/SMK",6,6,4,4,3,5,6,5,4,3,4,4,1,5,5,3,1,2,3,1,7,1,7,1,7,1,7,1,7,2,6,1,7,54.0,20.0,27
"02/02/2021 20:21","Perempuan",18,"SMA/SMK",5,3,4,6,4,4,5,5,4,4,4,5,1,2,3,4,3,5,4,1,7,1,7,2,6,2,6,3,5,3,5,4,4,53.0,22.0,50
"02/02/2021 20:21","Perempuan",25,"S1",6,5,5,4,3,4,5,6,4,3,3,4,4,3,3,4,3,4,4,2,6,1,7,2,6,2,6,2,6,2,6,4,4,52.0,25.0,40
"02/02/2021 20:22","Perempuan",18,"SMA/SMK",6,6,7,5,7,7,7,7,6,4,4,5,5,4,5,4,4,5,5,4,4,2,6,2,6,2,6,3,5,3,5,4,4,71.0,32.0,55
"02/02/2021 20:22","Perempuan",18,"SMA/SMK",3,7,7,4,7,4,6,7,4,7,7,7,1,5,5,1,1,5,1,1,7,1,7,1,7,4,4,3,5,2,6,2,6,70.0,19.0,49
"02/02/2021 20:22","Perempuan",19,"SMA/SMK",4,4,4,4,4,5,5,5,4,4,4,4,3,3,3,3,3,3,3,2,6,2,6,2,6,3,5,4,4,4,4,4,4,51.0,21.0,68
"02/02/2021 20:22","Perempuan",21,"S1",7,6,7,5,6,7,7,7,7,7,7,7,2,1,3,2,5,4,1,1,7,1,7,1,7,1,7,1,7,1,7,1,7,80.0,18.0,21
"02/02/2021 20:22","Perempuan",19,"SMA/SMK",6,6,4,4,4,5,6,6,5,3,4,4,5,5,3,2,2,4,3,1,7,1,7,1,7,1,7,1,7,1,7,2,6,57.0,24.0,21
"02/02/2021 20:22","Perempuan",18,"SMA/SMK",6,6,7,6,5,4,5,6,4,4,6,6,1,2,3,3,3,4,4,2,6,1,7,2,6,2,6,2,6,4,4,5,3,65.0,20.0,52
"02/02/2021 20:24","Perempuan",19,"SMA/SMK",7,7,6,7,4,4,7,5,4,3,5,4,1,4,5,3,2,4,3,2,6,1,7,1,7,2,6,2,6,2,6,6,2,63.0,22.0,37
"02/02/2021 20:26","Perempuan",20,"SMA/SMK",5,6,6,5,5,5,6,6,4,3,5,6,3,4,4,4,5,5,5,3,5,2,6,3,5,3,5,5,3,5,3,5,3,62.0,30.0,83
"02/02/2021 20:26","Perempuan",19,"SMA/SMK",7,7,4,3,3,6,5,5,4,3,5,6,1,3,1,5,2,5,4,1,7,1,7,1,7,3,5,2,6,2,6,5,3,58.0,21.0,40
"02/02/2021 20:26","Perempuan",28,"SMA/SMK",6,5,4,4,3,4,4,4,4,3,3,4,4,3,3,3,3,3,3,1,7,1,7,1,7,1,7,1,7,3,5,4,4,48.0,22.0,33
"02/02/2021 20:26","Perempuan",21,"S1",4,5,4,5,6,6,5,7,5,3,4,6,3,4,3,4,3,4,4,4,4,2,6,2,6,2,6,3,5,3,5,5,3,60.0,25.0,55
"02/02/2021 20:27","Perempuan",20,"SMA/SMK",6,5,6,3,3,4,3,6,4,1,3,4,1,2,4,1,4,3,2,2,6,1,7,1,7,1,7,1,7,2,6,7,1,48.0,17.0,28
"02/02/2021 20:34","Perempuan",19,"SMA/SMK",7,5,5,2,2,4,5,4,5,1,2,5,1,3,3,4,2,3,4,5,3,3,5,3,5,3,5,4,4,2,6,6,2,47.0,20.0,64
"02/02/2021 20:35","Perempuan",18,"SMA/SMK",4,3,4,3,3,5,5,4,5,4,3,4,2,3,4,3,3,4,4,3,5,1,7,2,6,1,7,2,6,3,5,4,4,47.0,23.0,43
"02/02/2021 20:35","Perempuan",22,"S1",4,4,4,4,2,4,4,4,4,4,4,4,5,4,4,2,1,3,1,1,7,1,7,1,7,1,7,1,7,1,7,7,1,46.0,20.0,21
"02/02/2021 20:35","Perempuan",20,"SMA/SMK",7,7,7,7,7,7,7,7,7,7,7,7,3,3,4,4,5,5,5,6,2,6,2,4,4,5,3,5,3,5,3,4,4,84.0,29.0,105
"02/02/2021 20:36","Perempuan",18,"SMA/SMK",1,2,4,1,2,1,1,1,1,1,1,1,1,3,2,2,1,1,1,1,7,1,7,1,7,1,7,1,7,1,7,7,1,17.0,11.0,21
"02/02/2021 20:37","Perempuan",21,"SMA/SMK",3,2,2,2,3,4,3,4,4,2,2,3,2,1,2,2,5,3,4,4,4,4,4,4,4,4,4,5,3,4,4,4,4,34.0,19.0,89
"02/02/2021 20:42","Perempuan",22,"SMA/SMK",5,6,7,6,6,5,6,5,5,6,5,5,3,4,4,3,4,4,4,4,4,2,6,3,5,3,5,4,4,2,6,4,4,67.0,26.0,61
"02/02/2021 20:44","Perempuan",22,"SMA/SMK",4,5,5,4,5,6,6,5,4,4,5,6,4,4,5,3,3,4,4,2,6,1,7,1,7,2,6,1,7,5,3,7,1,59.0,27.0,50
"02/02/2021 20:44","Perempuan",18,"SMA/SMK",2,3,5,5,4,4,5,5,4,3,4,4,4,4,5,4,3,5,4,4,4,1,7,3,5,2,6,3,5,3,5,5,3,48.0,29.0,56
"02/02/2021 20:46","Perempuan",20,"SMA/SMK",1,2,4,4,5,6,6,5,4,2,3,4,4,2,3,3,2,3,4,2,6,1,7,1,7,1,7,2,6,2,6,5,3,46.0,21.0,33
"02/02/2021 20:51","Perempuan",18,"SMA/SMK",6,5,7,5,6,6,6,6,6,5,6,6,2,3,3,4,3,4,3,1,7,1,7,2,6,4,4,4,4,4,4,5,3,70.0,22.0,69
"02/02/2021 20:51","Perempuan",18,"SMA/SMK",4,3,2,4,4,3,1,1,2,4,5,2,1,4,3,2,3,3,4,4,4,2,6,1,7,2,6,3,5,2,6,6,2,35.0,20.0,46
"02/02/2021 20:52","Perempuan",24,"S1",3,5,4,6,4,4,6,5,4,3,4,4,5,3,3,2,3,4,4,2,6,2,6,2,6,2,6,3,5,2,6,6,2,52.0,24.0,47
"02/02/2021 20:54","Perempuan",21,"D3",3,3,3,4,3,4,4,5,4,3,5,4,2,4,2,3,2,4,4,3,5,1,7,1,7,1,7,3,5,3,5,6,2,45.0,21.0,45
"02/02/2021 20:55","Perempuan",18,"SMA/SMK",5,4,5,3,4,5,5,4,4,5,5,5,2,3,3,3,2,4,4,3,5,1,7,1,7,1,7,2,6,5,3,6,2,54.0,21.0,52
"02/02/2021 20:55","Perempuan",20,"SMA/SMK",5,5,6,6,6,6,4,5,5,3,3,6,2,4,2,2,2,3,3,3,5,2,6,2,6,2,6,2,6,2,6,6,2,60.0,18.0,43
"02/02/2021 20:57","Perempuan",21,"SMA/SMK",4,4,4,4,4,4,4,5,4,4,4,4,2,2,3,3,3,4,4,2,6,2,6,2,6,2,6,3,5,2,6,4,4,49.0,21.0,47
"02/02/2021 21:00","Perempuan",19,"SMA/SMK",3,3,2,1,4,4,3,6,3,3,3,2,1,5,5,2,2,2,1,1,7,1,7,1,7,1,7,1,7,1,7,4,4,37.0,18.0,21
"02/02/2021 21:00","Perempuan",20,"SMA/SMK",7,7,7,7,7,7,7,7,7,7,7,7,4,3,5,5,2,3,5,4,4,2,6,2,6,2,6,2,6,2,6,5,3,84.0,27.0,44
"02/02/2021 21:03","Laki-laki",18,"SMA/SMK",4,4,5,3,4,5,6,6,1,6,5,6,1,3,4,2,2,4,3,4,4,2,6,1,7,2,6,2,6,4,4,4,4,55.0,19.0,53
"02/02/2021 21:09","Perempuan",18,"SMA/SMK",6,6,6,6,6,6,6,6,5,1,2,5,3,3,3,3,2,4,4,1,7,1,7,1,7,2,6,2,6,2,6,7,1,61.0,22.0,36
"02/02/2021 21:10","Perempuan",20,"SMA/SMK",1,2,1,1,1,1,1,2,3,1,1,1,1,4,2,1,1,1,1,1,7,1,7,1,7,1,7,1,7,1,7,7,1,16.0,11.0,21
"02/02/2021 21:11","Laki-laki",22,"SMA/SMK",5,4,5,6,5,7,7,4,5,4,5,6,4,5,3,3,3,2,4,4,4,2,6,2,6,3,5,1,7,4,4,5,3,63.0,24.0,55
"02/02/2021 21:16","Perempuan",19,"SMA/SMK",5,4,4,5,4,5,5,5,5,3,4,4,2,4,4,4,2,3,2,1,7,1,7,1,7,1,7,2,6,2,6,5,3,53.0,21.0,32
"02/02/2021 21:19","Perempuan",22,"SMA/SMK",6,3,6,4,4,4,6,6,3,4,4,4,1,4,4,5,3,5,5,4,4,1,7,4,4,4,4,4,4,4,4,4,4,54.0,27.0,78
"02/02/2021 21:23","Perempuan",20,"SMA/SMK",2,2,2,2,2,2,2,2,2,2,2,2,2,4,2,3,2,2,2,3,5,1,7,2,6,3,5,1,7,3,5,5,3,24.0,17.0,46
"02/02/2021 21:36","Perempuan",20,"SMA/SMK",3,3,5,3,3,6,6,6,5,3,6,6,2,5,3,3,3,5,3,3,5,2,6,2,6,3,5,2,6,3,5,4,4,55.0,24.0,53
"02/02/2021 21:41","Laki-laki",21,"SMA/SMK",5,4,1,3,4,4,3,5,3,3,3,4,4,4,3,1,1,2,3,1,7,1,7,2,6,2,6,1,7,1,7,7,1,42.0,18.0,28
"02/02/2021 21:43","Perempuan",23,"S1",3,5,7,6,4,7,6,5,6,6,6,6,2,4,3,3,2,3,2,1,7,1,7,1,7,1,7,1,7,1,7,7,1,67.0,19.0,21
"02/02/2021 22:10","Perempuan",18,"SMA/SMK",2,2,1,1,1,1,3,3,1,1,1,1,2,3,3,1,1,2,3,2,6,1,7,1,7,1,7,1,7,4,4,7,1,18.0,15.0,40
"02/02/2021 22:11","Perempuan",23,"SMA/SMK",6,7,7,7,7,7,7,7,7,7,7,7,5,5,5,5,5,5,5,1,7,1,7,1,7,1,7,1,7,1,7,6,2,83.0,35.0,21
"02/02/2021 22:13","Perempuan",18,"SMA/SMK",5,3,4,5,2,6,6,7,5,4,3,4,2,4,5,3,4,4,5,4,4,4,4,2,6,5,3,2,6,2,6,5,3,54.0,27.0,60
"02/02/2021 22:16","Perempuan",18,"SMA/SMK",5,3,7,4,5,7,6,7,3,2,5,7,3,5,4,3,5,5,3,1,7,1,7,1,7,2,6,2,6,1,7,7,1,61.0,28.0,30
"02/02/2021 22:23","Perempuan",18,"SMA/SMK",5,4,6,7,6,5,5,7,4,3,5,4,5,4,5,5,5,5,5,6,2,4,4,4,4,4,4,5,3,2,6,4,4,61.0,34.0,79
"02/02/2021 22:47","Perempuan",19,"SMA/SMK",4,6,6,4,7,5,6,7,6,6,6,6,2,3,4,3,1,3,4,1,7,1,7,1,7,2,6,2,6,2,6,3,5,69.0,20.0,36
"02/02/2021 22:56","Perempuan",21,"SMA/SMK",6,4,4,2,2,5,5,6,2,1,2,4,4,4,3,3,2,2,3,2,6,1,7,1,7,1,7,1,7,3,5,4,4,43.0,21.0,34
"02/02/2021 23:01","Laki-laki",18,"SMA/SMK",3,3,4,3,3,2,1,1,4,4,4,3,4,3,4,4,2,2,1,3,5,1,7,1,7,2,6,1,7,3,5,6,2,35.0,20.0,39
"02/02/2021 23:04","Perempuan",18,"SMA/SMK",4,5,4,4,3,4,5,5,4,3,4,5,2,4,4,3,1,3,4,1,7,1,7,1,7,1,7,1,7,1,7,6,2,50.0,21.0,21
"02/02/2021 23:05","Perempuan",22,"S1",6,4,5,5,5,7,6,5,4,5,5,5,3,4,2,4,4,5,4,3,5,2,6,2,6,2,6,2,6,3,5,4,4,62.0,26.0,49
"02/02/2021 23:20","Perempuan",19,"SMA/SMK",7,3,5,2,6,5,4,6,4,2,5,5,2,4,3,4,5,4,5,5,3,4,4,3,5,2,6,7,1,5,3,7,1,54.0,27.0,95
"02/02/2021 23:39","Perempuan",23,"SMA/SMK",3,3,5,5,5,5,5,6,5,5,5,5,2,4,4,3,3,3,3,2,6,1,7,2,6,2,6,3,5,3,5,4,4,57.0,22.0,51
"02/02/2021 23:44","Perempuan",20,"SMA/SMK",6,5,7,6,6,6,6,6,5,3,5,5,3,2,4,4,4,5,4,4,4,3,5,3,5,3,5,4,4,5,3,3,5,66.0,26.0,81
"02/03/2021 00:05","Perempuan",20,"S1",6,5,3,1,2,4,3,3,1,1,1,1,1,1,3,1,1,1,1,5,3,1,7,1,7,1,7,1,7,6,2,6,2,31.0,9.0,55
"02/03/2021 07:25","Perempuan",19,"SMA/SMK",4,5,7,5,3,5,7,6,1,1,2,1,5,5,5,3,1,3,1,1,7,1,7,1,7,1,7,1,7,5,3,7,1,47.0,23.0,45
"02/03/2021 08:02","Perempuan",21,"SMA/SMK",2,2,2,2,3,3,4,4,4,4,3,4,1,4,3,2,2,3,3,2,6,1,7,1,7,1,7,1,7,1,7,1,7,37.0,18.0,22
"02/03/2021 08:58","Perempuan",18,"SMA/SMK",3,2,6,4,6,5,4,6,4,6,6,5,2,3,4,3,3,4,5,4,4,4,4,4,4,3,5,6,2,4,4,5,3,57.0,24.0,90
"02/03/2021 09:24","Perempuan",22,"S1",5,5,6,4,5,5,4,4,4,4,5,4,4,3,3,3,3,3,3,5,3,2,6,2,6,2,6,2,6,3,5,4,4,55.0,22.0,51
"02/03/2021 10:59","Perempuan",23,"S1",6,6,4,5,3,6,6,4,5,5,4,4,2,3,2,3,5,4,5,5,3,3,5,2,6,2,6,5,3,6,2,6,2,58.0,24.0,86
"02/03/2021 12:18","Perempuan",23,"SMA/SMK",3,5,4,3,3,4,4,6,4,2,4,6,3,4,4,3,3,4,4,1,7,1,7,1,7,1,7,1,7,1,7,7,1,48.0,25.0,21
"02/03/2021 12:27","Perempuan",23,"SMA/SMK",5,4,6,4,4,5,5,5,4,6,5,6,1,3,3,4,4,4,4,1,7,2,6,2,6,4,4,1,7,2,6,5,3,59.0,23.0,44
"02/03/2021 12:30","Perempuan",19,"SMA/SMK",6,6,4,3,4,2,4,3,2,4,5,3,4,4,5,3,3,4,5,2,6,2,6,2,6,2,6,2,6,1,7,3,5,46.0,28.0,36
"02/03/2021 12:36","Perempuan",23,"S1",5,4,5,4,4,6,6,5,2,4,4,6,1,3,3,2,2,3,4,2,6,1,7,1,7,1,7,2,6,2,6,7,1,55.0,18.0,33
"02/03/2021 12:40","Perempuan",23,"S1",6,6,7,7,7,7,7,7,6,7,5,6,3,5,3,3,4,5,5,1,7,1,7,1,7,1,7,1,7,2,6,3,5,78.0,28.0,27
"02/03/2021 13:47","Perempuan",21,"SMA/SMK",4,4,4,2,1,4,4,4,1,1,4,4,1,5,4,1,1,3,1,1,7,1,7,1,7,1,7,1,7,2,6,7,1,37.0,16.0,27
"02/03/2021 14:38","Perempuan",20,"SMA/SMK",4,5,5,2,5,6,6,4,3,2,2,4,1,2,3,3,1,1,3,1,7,1,7,1,7,1,7,1,7,1,7,7,1,48.0,14.0,21
"02/03/2021 16:13","Perempuan",19,"S1",5,6,4,4,2,4,4,3,3,2,4,3,4,2,3,2,3,4,2,2,6,2,6,2,6,2,6,3,5,2,6,5,3,44.0,20.0,47
"02/03/2021 16:28","Perempuan",22,"S1",5,4,4,2,2,4,4,2,1,1,2,4,1,5,3,3,3,1,1,2,6,1,7,1,7,1,7,1,7,6,2,7,1,35.0,17.0,52
"02/03/2021 17:39","Perempuan",20,"SMA/SMK",6,5,4,5,3,7,7,7,3,3,5,4,4,3,4,3,1,4,5,3,5,1,7,1,7,1,7,1,7,4,4,5,3,59.0,24.0,41
"02/03/2021 20:47","Perempuan",18,"SMA/SMK",4,4,5,4,5,5,5,6,4,3,3,4,1,3,3,3,2,3,4,7,1,4,4,2,6,4,4,2,6,2,6,2,6,52.0,19.0,59
"02/03/2021 21:01","Perempuan",19,"SMA/SMK",4,3,5,2,3,5,4,5,3,1,3,4,2,5,4,1,1,2,2,2,6,1,7,1,7,1,7,1,7,1,7,7,1,42.0,17.0,22
"02/03/2021 21:22","Perempuan",20,"SMA/SMK",6,5,6,6,6,6,6,7,5,4,5,6,1,4,5,3,2,4,3,1,7,1,7,1,7,1,7,3,5,2,6,5,3,68.0,22.0,37
"02/03/2021 21:23","Perempuan",20,"S1",3,3,3,3,3,3,3,3,4,3,3,3,4,2,3,2,2,3,2,2,6,2,6,2,6,2,6,2,6,2,6,2,6,37.0,18.0,42
"02/03/2021 21:24","Perempuan",19,"SMA/SMK",5,3,4,4,2,5,6,5,3,1,3,4,1,1,3,3,3,1,2,1,7,1,7,1,7,1,7,1,7,1,7,7,1,45.0,14.0,21
"02/03/2021 21:24","Perempuan",21,"SMA/SMK",6,6,6,6,6,6,6,6,6,6,6,6,4,4,4,4,4,4,4,3,5,3,5,3,5,3,5,3,5,3,5,2,6,72.0,28.0,63
"02/03/2021 21:25","Laki-laki",22,"SMA/SMK",7,7,5,4,5,4,5,6,3,4,2,5,3,3,4,2,4,5,5,5,3,4,4,3,5,5,3,3,5,7,1,3,5,57.0,26.0,99
"02/03/2021 21:25","Perempuan",19,"SMA/SMK",5,5,5,5,3,5,5,5,5,3,3,4,2,3,3,2,3,4,3,2,6,2,6,1,7,1,7,1,7,2,6,6,2,53.0,20.0,30
"02/03/2021 21:26","Perempuan",19,"SMA/SMK",5,5,3,3,3,4,5,4,4,2,4,4,2,4,4,1,1,1,2,2,6,1,7,1,7,1,7,1,7,2,6,2,6,46.0,15.0,28
"02/03/2021 21:26","Perempuan",18,"SMA/SMK",3,3,5,6,4,5,4,6,6,5,5,5,3,4,3,4,3,5,5,4,4,5,3,7,1,7,1,6,2,3,5,6,2,57.0,27.0,111
"02/03/2021 21:26","Perempuan",21,"SMA/SMK",3,3,2,1,1,1,2,2,1,1,2,1,3,4,3,2,3,4,3,1,7,1,7,1,7,2,6,2,6,2,6,3,5,20.0,22.0,36
"02/03/2021 21:27","Perempuan",19,"SMA/SMK",4,6,6,1,1,4,1,1,4,1,1,1,1,5,2,3,1,1,1,1,7,1,7,1,7,1,7,1,7,1,7,7,1,31.0,14.0,21
"02/03/2021 21:28","Perempuan",18,"SMA/SMK",6,7,6,6,5,6,7,7,5,5,6,6,3,4,2,3,3,5,5,2,6,1,7,2,6,2,6,3,5,3,5,3,5,72.0,25.0,51
"02/03/2021 21:28","Perempuan",21,"SMA/SMK",4,5,6,5,4,6,6,6,4,2,2,4,1,5,4,2,1,2,1,1,7,1,7,1,7,1,7,1,7,1,7,7,1,54.0,16.0,21
"02/03/2021 21:28","Perempuan",21,"SMA/SMK",5,5,6,6,6,6,6,7,6,6,6,7,3,3,4,3,3,4,3,5,3,3,5,5,3,3,5,3,5,5,3,5,3,72.0,23.0,83
"02/03/2021 21:28","Perempuan",19,"SMA/SMK",6,5,2,1,2,1,2,1,1,1,1,1,2,4,3,1,1,4,2,1,7,1,7,1,7,1,7,1,7,2,6,7,1,24.0,17.0,27
"02/03/2021 21:32","Perempuan",19,"SMA/SMK",1,1,5,6,6,6,6,6,6,6,6,6,3,3,5,5,5,5,3,1,7,1,7,1,7,1,7,1,7,1,7,1,7,61.0,29.0,21
"02/03/2021 21:35","Perempuan",21,"SMA/SMK",5,6,5,7,6,7,6,6,5,4,4,5,3,4,4,5,5,5,5,5,3,5,3,4,4,3,5,5,3,3,5,4,4,66.0,31.0,82
"02/03/2021 21:39","Laki-laki",21,"S1",4,4,4,2,3,1,2,2,2,1,1,2,2,5,4,3,4,2,3,1,7,1,7,1,7,1,7,1,7,2,6,6,2,28.0,23.0,27
"02/03/2021 21:42","Laki-laki",21,"SMA/SMK",7,7,7,7,5,7,7,7,5,5,5,7,2,3,5,5,5,5,3,1,7,1,7,4,4,1,7,4,4,4,4,4,4,76.0,28.0,63
"02/03/2021 21:46","Laki-laki",20,"D4",6,3,4,3,5,4,6,5,2,2,2,4,4,4,4,4,2,5,5,3,5,1,7,1,7,4,4,3,5,5,3,6,2,46.0,28.0,69
"02/03/2021 21:48","Perempuan",18,"SMA/SMK",3,5,4,3,3,4,5,5,5,3,4,4,2,2,3,3,2,2,4,5,3,3,5,2,6,2,6,4,4,4,4,5,3,48.0,18.0,69
"02/03/2021 21:49","Perempuan",18,"SMA/SMK",4,4,5,5,3,5,5,5,4,2,3,4,1,4,4,3,1,4,3,5,3,2,6,2,6,2,6,4,4,2,6,6,2,49.0,20.0,55
"02/03/2021 21:51","Perempuan",20,"SMA/SMK",5,3,4,5,3,6,5,6,2,2,2,6,1,3,4,4,3,4,4,2,6,1,7,1,7,2,6,3,5,3,5,4,4,49.0,23.0,48
"02/03/2021 21:53","Perempuan",31,"S2",3,4,5,3,3,5,6,6,5,4,5,6,3,4,3,4,4,4,4,1,7,1,7,3,5,2,6,2,6,2,6,5,3,55.0,26.0,42
"02/03/2021 21:59","Perempuan",21,"SMA/SMK",5,2,5,5,3,6,6,6,2,1,5,6,2,4,3,3,3,5,2,3,5,3,5,2,6,5,3,2,6,3,5,4,4,52.0,22.0,63
"02/03/2021 22:00","Perempuan",22,"SMA/SMK",2,2,2,2,4,4,4,4,4,4,4,4,1,5,3,2,4,3,3,1,7,1,7,1,7,1,7,1,7,1,7,4,4,40.0,21.0,21
"02/03/2021 22:04","Perempuan",22,"S1",5,3,1,3,4,1,3,5,3,2,3,2,4,4,5,2,1,3,4,2,6,1,7,2,6,3,5,3,5,4,4,4,4,35.0,23.0,61
"02/03/2021 22:05","Perempuan",19,"SMA/SMK",3,3,5,4,5,5,5,5,5,6,6,6,3,4,4,4,4,2,2,2,6,2,6,2,6,2,6,3,5,4,4,4,4,58.0,23.0,59
"02/03/2021 22:24","Perempuan",20,"D3",6,4,5,5,5,5,6,5,5,5,4,4,5,3,3,1,3,2,3,1,7,1,7,1,7,1,7,1,7,1,7,7,1,59.0,20.0,21
"02/03/2021 23:03","Perempuan",18,"SMA/SMK",4,4,5,4,5,5,7,7,5,3,5,4,3,5,3,4,3,5,5,4,4,1,7,1,7,1,7,3,5,1,7,5,3,58.0,28.0,34
"02/03/2021 23:22","Perempuan",21,"SMA/SMK",2,3,5,6,4,5,5,6,5,2,3,4,4,3,2,3,2,4,4,2,6,2,6,4,4,4,4,4,4,2,6,6,2,50.0,22.0,66
"02/03/2021 23:58","Perempuan",18,"SMA/SMK",5,5,6,6,6,6,7,6,6,5,6,6,2,3,2,4,4,4,4,4,4,2,6,2,6,3,5,4,4,2,6,4,4,70.0,23.0,58
"02/04/2021 01:10","Perempuan",21,"S1",2,2,4,4,3,6,6,6,5,2,6,5,2,3,3,4,4,5,4,3,5,2,6,2,6,2,6,3,5,2,6,5,3,51.0,25.0,48
"02/04/2021 02:05","Perempuan",22,"D3",4,4,4,4,4,4,4,4,4,4,4,4,2,3,4,3,3,4,3,2,6,2,6,2,6,2,6,2,6,2,6,2,6,48.0,22.0,42
"02/04/2021 04:05","Perempuan",21,"SMA/SMK",1,1,2,6,5,6,7,7,6,2,5,5,2,1,3,3,2,4,3,1,7,2,6,1,7,1,7,2,6,2,6,4,4,53.0,18.0,34
"02/04/2021 06:19","Laki-laki",20,"SMA/SMK",1,3,2,1,1,4,4,3,4,1,4,5,1,5,3,1,1,1,1,1,7,1,7,1,7,1,7,4,4,1,7,7,1,33.0,13.0,36
"02/04/2021 08:05","Perempuan",22,"SMA/SMK",3,4,4,5,6,5,5,6,6,6,5,5,1,2,3,3,2,2,4,2,6,1,7,1,7,1,7,1,7,1,7,5,3,60.0,17.0,22
"02/04/2021 09:50","Perempuan",25,"S1",5,5,3,3,3,3,4,3,1,1,1,2,1,3,4,1,1,3,1,2,6,1,7,1,7,1,7,1,7,3,5,4,4,34.0,14.0,34
"02/04/2021 13:08","Perempuan",22,"SMA/SMK",5,6,3,2,3,3,2,2,1,1,1,2,4,4,4,5,4,2,4,6,2,1,7,1,7,1,7,1,7,1,7,4,4,31.0,27.0,26
"02/04/2021 13:09","Laki-laki",22,"SMA/SMK",7,7,7,7,7,7,7,7,7,7,7,7,1,2,3,4,3,4,3,3,5,3,5,3,5,3,5,3,5,5,3,5,3,84.0,20.0,75
"02/04/2021 13:16","Perempuan",21,"S1",4,4,4,4,4,4,4,4,4,4,4,4,2,4,4,2,2,2,2,2,6,1,7,1,7,1,7,3,5,1,7,7,1,48.0,18.0,32
"02/04/2021 14:01","Perempuan",23,"SMA/SMK",6,6,6,5,5,5,5,5,5,3,5,5,2,4,4,2,4,2,4,1,7,1,7,1,7,1,7,1,7,1,7,5,3,61.0,22.0,21
"02/04/2021 14:35","Laki-laki",22,"S1",6,4,5,4,5,4,5,4,4,3,5,4,3,3,3,3,3,4,4,3,5,2,6,2,6,2,6,2,6,2,6,4,4,53.0,23.0,43
"02/04/2021 15:28","Laki-laki",21,"SMA/SMK",2,3,5,3,5,2,3,2,1,2,2,2,4,2,2,2,4,2,2,2,6,1,7,2,6,2,6,1,7,2,6,3,5,32.0,18.0,35
"02/04/2021 15:30","Laki-laki",21,"SMA/SMK",7,7,7,1,7,7,7,7,7,1,1,7,1,1,2,1,1,1,2,2,6,2,6,3,5,3,5,2,6,3,5,2,6,66.0,9.0,55
"02/04/2021 15:30","Perempuan",21,"SMA/SMK",4,3,4,4,4,3,5,5,5,5,5,5,4,4,4,3,2,3,4,2,6,1,7,1,7,1,7,1,7,1,7,4,4,52.0,24.0,22
"02/04/2021 15:32","Perempuan",21,"SMA/SMK",1,2,2,2,1,2,4,2,3,1,3,3,1,3,2,1,1,1,1,1,7,1,7,1,7,1,7,1,7,1,7,7,1,26.0,10.0,21
"02/04/2021 15:34","Perempuan",20,"S1",5,5,4,4,4,4,4,4,4,3,5,5,1,4,3,3,1,3,2,1,7,1,7,1,7,1,7,1,7,1,7,1,7,51.0,17.0,21
"02/04/2021 15:37","Perempuan",19,"SMA/SMK",6,5,5,5,6,5,6,5,5,4,5,6,4,3,3,4,2,4,3,1,7,1,7,1,7,1,7,1,7,3,5,5,3,63.0,23.0,33
"02/04/2021 15:42","Perempuan",18,"SMA/SMK",5,5,5,5,3,5,6,6,5,5,5,5,2,4,2,2,2,2,4,3,5,2,6,2,6,2,6,1,7,1,7,1,7,60.0,18.0,32
"02/04/2021 15:50","Perempuan",21,"SMA/SMK",2,6,6,5,5,6,5,5,5,6,6,5,1,4,3,4,2,3,4,1,7,1,7,1,7,1,7,1,7,1,7,2,6,62.0,21.0,21
"02/04/2021 16:16","Perempuan",21,"S1",7,6,7,6,6,6,6,5,6,6,6,6,4,3,4,4,4,4,4,4,4,2,6,2,6,4,4,3,5,3,5,4,4,73.0,27.0,63
"02/04/2021 17:15","Perempuan",21,"SMA/SMK",3,1,1,1,1,1,1,3,1,1,1,1,1,5,4,1,1,1,1,1,7,1,7,1,7,1,7,1,7,2,6,6,2,16.0,14.0,27
"02/04/2021 17:29","Laki-laki",22,"SMA/SMK",4,5,5,5,4,4,5,5,4,3,5,6,2,3,3,4,2,4,3,3,5,3,5,3,5,3,5,2,6,2,6,6,2,55.0,21.0,52
"02/04/2021 17:58","Perempuan",18,"SMA/SMK",3,3,3,3,3,4,2,5,3,3,3,3,2,2,4,1,2,3,4,1,7,1,7,1,7,1,7,1,7,1,7,7,1,38.0,18.0,21
"02/04/2021 18:02","Perempuan",21,"SMA/SMK",4,7,7,7,7,7,7,7,7,7,7,7,1,5,3,3,5,5,5,1,7,1,7,3,5,1,7,2,6,4,4,6,2,81.0,27.0,50
"02/04/2021 18:13","Perempuan",21,"SMA/SMK",3,1,4,2,2,2,3,4,6,2,2,3,2,3,2,3,2,2,2,2,6,2,6,2,6,2,6,2,6,2,6,7,1,34.0,16.0,42
"02/04/2021 18:37","Perempuan",19,"SMA/SMK",5,5,5,5,5,7,6,6,5,3,4,6,4,4,4,2,5,5,5,4,4,3,5,3,5,3,5,2,6,4,4,4,4,62.0,29.0,65
"02/04/2021 19:48","Perempuan",22,"S1",1,3,4,3,3,3,4,2,4,4,5,3,3,3,3,3,2,3,4,5,3,5,3,5,3,2,6,4,4,3,5,4,4,39.0,21.0,76
"02/04/2021 19:50","Perempuan",20,"SMA/SMK",3,5,2,3,1,1,3,3,4,4,2,3,1,4,3,2,2,3,1,1,7,1,7,1,7,1,7,1,7,1,7,2,6,34.0,16.0,21
"02/04/2021 20:10","Laki-laki",20,"SMA/SMK",5,5,4,2,2,3,4,5,4,3,4,4,3,4,4,1,1,3,4,1,7,1,7,1,7,1,7,1,7,1,7,1,7,45.0,20.0,21
"02/04/2021 20:11","Perempuan",23,"S1",5,2,5,2,2,2,4,4,4,3,3,3,1,4,2,1,1,5,3,1,7,1,7,1,7,1,7,1,7,1,7,7,1,39.0,17.0,21
"02/04/2021 20:13","Perempuan",23,"S1",3,2,5,6,6,6,7,7,6,2,6,5,2,2,2,2,1,5,5,3,5,1,7,3,5,3,5,3,5,1,7,5,3,61.0,19.0,47
"02/04/2021 20:13","Perempuan",19,"SMA/SMK",3,4,4,3,4,4,5,5,4,2,5,4,4,3,3,3,4,5,3,4,4,2,6,1,7,4,4,4,4,1,7,3,5,47.0,25.0,53
"02/04/2021 20:15","Perempuan",23,"S1",5,4,4,3,3,3,3,3,4,3,3,5,1,4,4,2,2,3,3,2,6,1,7,1,7,1,7,1,7,6,2,7,1,43.0,19.0,52
"02/04/2021 21:27","Perempuan",21,"S1",3,3,3,3,3,3,3,3,3,3,3,3,2,4,2,2,2,2,2,1,7,1,7,1,7,1,7,2,6,1,7,7,1,36.0,16.0,26
"02/04/2021 21:29","Perempuan",19,"SMA/SMK",4,4,5,6,4,6,6,6,4,4,4,4,2,4,2,2,4,3,3,4,4,2,6,2,6,2,6,2,6,5,3,6,2,57.0,20.0,62
"02/04/2021 21:39","Perempuan",21,"SMA/SMK",3,6,4,4,2,2,3,3,5,2,3,2,1,2,4,2,1,1,1,2,6,1,7,1,7,1,7,1,7,2,6,6,2,39.0,12.0,28
"02/04/2021 22:37","Perempuan",19,"SMA/SMK",7,6,7,4,5,7,6,6,6,4,4,7,4,5,3,3,2,3,4,1,7,1,7,1,7,1,7,1,7,1,7,4,4,69.0,24.0,21
"02/04/2021 22:49","Perempuan",21,"SMA/SMK",2,2,2,2,2,2,3,3,1,1,1,1,1,5,3,1,1,2,2,1,7,1,7,1,7,1,7,1,7,1,7,1,7,22.0,15.0,21
"02/04/2021 23:22","Perempuan",21,"SMA/SMK",5,6,6,6,4,3,5,5,6,4,4,5,1,3,4,3,4,3,2,2,6,2,6,3,5,3,5,1,7,5,3,7,1,59.0,20.0,62
"02/05/2021 00:16","Perempuan",21,"SMA/SMK",4,4,4,5,3,5,6,5,1,3,4,4,4,1,1,5,5,5,5,4,4,4,4,4,4,4,4,4,4,6,2,3,5,48.0,26.0,96
"02/05/2021 01:03","Perempuan",18,"SMA/SMK",2,3,5,7,7,7,7,7,6,3,7,7,1,4,3,5,2,4,5,2,6,1,7,3,5,3,5,1,7,3,5,6,2,68.0,24.0,48
"02/05/2021 02:18","Perempuan",20,"SMA/SMK",4,5,4,3,3,5,2,4,3,1,1,1,1,4,5,1,1,2,2,1,7,1,7,1,7,1,7,1,7,4,4,7,1,36.0,16.0,39
"02/05/2021 07:15","Perempuan",21,"S1",1,1,3,1,2,1,1,1,1,1,1,1,1,2,1,1,1,2,1,1,7,1,7,1,7,1,7,1,7,1,7,7,1,15.0,9.0,21
"02/05/2021 08:23","Perempuan",19,"S1",4,5,4,2,4,3,3,4,3,5,2,3,2,2,2,2,1,3,2,2,6,1,7,1,7,1,7,1,7,1,7,1,7,42.0,14.0,22
"02/05/2021 09:38","Perempuan",19,"SMA/SMK",6,6,6,6,5,6,6,6,5,5,6,5,5,4,3,3,2,3,3,1,7,1,7,1,7,1,7,1,7,1,7,4,4,68.0,23.0,21
"02/05/2021 09:39","Perempuan",21,"S1",6,5,5,5,3,4,5,5,4,3,4,4,1,1,4,2,1,3,1,1,7,1,7,1,7,1,7,1,7,1,7,6,2,53.0,13.0,21
"02/05/2021 10:10","Perempuan",20,"SMA/SMK",2,2,4,2,2,2,2,3,2,1,3,4,1,3,3,1,3,3,1,1,7,1,7,1,7,1,7,1,7,1,7,7,1,29.0,15.0,21
"02/05/2021 10:23","Perempuan",19,"SMA/SMK",5,5,6,3,4,5,5,5,4,3,5,5,3,2,2,4,3,3,3,3,5,2,6,2,6,2,6,2,6,2,6,3,5,55.0,20.0,43
"02/05/2021 10:49","Perempuan",20,"SMA/SMK",4,2,2,2,3,3,4,4,3,1,3,3,3,4,3,2,5,2,3,1,7,1,7,1,7,1,7,1,7,2,6,5,3,34.0,22.0,27
"02/05/2021 11:11","Perempuan",23,"S1",5,5,5,4,4,4,4,4,3,3,3,3,3,3,3,3,3,3,3,4,4,4,4,3,5,4,4,3,5,4,4,4,4,47.0,21.0,76
"02/05/2021 11:32","Perempuan",21,"SMA/SMK",4,5,5,5,4,6,6,5,4,4,5,4,3,2,2,2,4,3,3,3,5,2,6,3,5,3,5,5,3,3,5,4,4,57.0,19.0,71
"02/05/2021 13:38","Perempuan",22,"D3",3,4,4,4,3,3,5,4,4,4,4,4,3,3,3,3,3,3,3,2,6,2,6,2,6,2,6,2,6,2,6,6,2,46.0,21.0,42
"02/05/2021 13:59","Perempuan",21,"S1",3,4,3,4,4,4,5,5,4,4,5,5,1,2,4,3,3,4,4,1,7,1,7,1,7,2,6,1,7,1,7,3,5,50.0,21.0,25
"02/05/2021 15:45","Perempuan",19,"SMA/SMK",3,3,4,5,2,2,5,5,4,2,2,3,3,2,3,1,1,2,3,1,7,1,7,1,7,1,7,1,7,1,7,1,7,40.0,15.0,21
"02/05/2021 15:48","Perempuan",21,"SMA/SMK",5,2,7,6,5,5,5,7,4,3,5,5,2,3,4,4,5,5,5,7,1,2,6,4,4,3,5,3,5,6,2,6,2,59.0,28.0,86
"02/05/2021 15:50","Laki-laki",18,"SMA/SMK",3,4,3,4,3,4,4,3,2,2,2,4,1,3,2,3,3,2,4,2,6,1,7,2,6,1,7,1,7,1,7,4,4,38.0,18.0,25
"02/05/2021 15:53","Perempuan",22,"SMA/SMK",6,2,2,2,2,4,4,4,2,2,2,4,1,4,2,2,2,2,4,1,7,1,7,1,7,1,7,2,6,2,6,6,2,36.0,17.0,32
"02/05/2021 16:09","Perempuan",21,"SMA/SMK",2,2,2,2,2,5,6,6,6,1,1,2,1,5,3,1,1,1,1,1,7,1,7,1,7,1,7,1,7,1,7,1,7,37.0,13.0,21
"02/05/2021 16:10","Perempuan",21,"S1",3,3,4,2,2,5,5,5,5,2,2,3,1,4,2,2,1,2,1,4,4,1,7,2,6,1,7,1,7,1,7,6,2,41.0,13.0,27
"02/05/2021 16:22","Perempuan",21,"S1",2,2,2,2,1,1,1,1,1,1,1,1,3,5,3,3,3,1,3,1,7,1,7,1,7,1,7,1,7,1,7,7,1,16.0,21.0,21
"02/05/2021 16:34","Perempuan",20,"SMA/SMK",6,6,5,5,5,6,5,3,5,3,5,5,2,4,1,4,4,2,4,2,6,2,6,3,5,6,2,2,6,2,6,7,1,59.0,21.0,61
"02/05/2021 18:25","Perempuan",23,"SMA/SMK",4,4,4,4,3,5,5,5,4,2,1,5,1,3,4,2,2,4,4,3,5,1,7,2,6,1,7,1,7,1,7,5,3,46.0,20.0,26
"02/05/2021 18:28","Perempuan",18,"SMA/SMK",3,6,4,3,3,6,3,7,4,5,5,4,2,5,4,4,2,5,5,2,6,1,7,2,6,2,6,1,7,4,4,7,1,53.0,27.0,47
"02/05/2021 18:48","Perempuan",19,"S1",4,4,4,4,4,4,4,4,1,1,1,2,1,3,2,2,1,2,2,1,7,1,7,1,7,1,7,1,7,1,7,7,1,37.0,13.0,21
"02/05/2021 18:49","Perempuan",22,"SMA/SMK",5,2,4,4,4,5,4,6,4,2,4,4,1,4,2,3,3,3,3,3,5,2,6,2,6,2,6,2,6,2,6,4,4,48.0,19.0,43
"02/05/2021 18:52","Perempuan",24,"S1",4,6,7,7,6,6,6,7,5,1,7,6,3,4,4,5,5,5,3,4,4,1,7,2,6,3,5,6,2,1,7,4,4,68.0,29.0,60
"02/05/2021 18:54","Laki-laki",21,"SMA/SMK",7,7,7,7,7,7,7,7,7,7,7,5,2,5,5,4,5,4,4,2,6,1,7,1,7,1,7,2,6,6,2,5,3,82.0,29.0,57
"02/05/2021 19:03","Perempuan",21,"SMA/SMK",4,3,6,5,5,6,5,6,5,5,5,6,3,4,3,4,3,3,3,1,7,2,6,2,6,2,6,2,6,2,6,4,4,61.0,23.0,41
"02/05/2021 19:16","Laki-laki",21,"SMA/SMK",5,5,5,6,6,7,7,6,6,6,6,7,2,2,2,4,4,4,4,3,5,3,5,3,5,3,5,3,5,3,5,1,7,72.0,22.0,63
"02/05/2021 19:24","Perempuan",19,"SMA/SMK",5,4,5,4,4,5,5,5,4,4,5,4,1,3,3,3,3,3,3,2,6,1,7,1,7,1,7,1,7,1,7,7,1,54.0,19.0,22
"02/05/2021 19:25","Perempuan",20,"SMA/SMK",3,4,4,4,3,4,4,4,3,3,4,4,3,4,3,4,3,5,3,1,7,1,7,1,7,1,7,4,4,3,5,4,4,44.0,25.0,48
"02/05/2021 20:27","Perempuan",20,"SMA/SMK",5,4,3,4,4,5,5,6,4,3,4,4,2,3,3,2,1,3,2,2,6,2,6,2,6,2,6,1,7,2,6,2,6,51.0,16.0,37
"02/05/2021 20:37","Perempuan",20,"SMA/SMK",4,5,4,4,3,4,5,4,4,3,4,5,1,4,3,4,1,3,4,1,7,1,7,1,7,3,5,2,6,1,7,7,1,49.0,20.0,34
"02/05/2021 20:44","Perempuan",18,"SMA/SMK",5,5,6,4,7,6,7,6,5,3,5,5,3,3,2,3,5,4,3,6,2,2,6,1,7,2,6,4,4,5,3,6,2,64.0,23.0,71
"02/05/2021 21:22","Perempuan",23,"SMA/SMK",7,5,5,7,4,5,4,6,5,6,3,3,5,5,4,3,2,4,3,1,7,1,7,1,7,1,7,1,7,1,7,1,7,60.0,26.0,21
"02/05/2021 21:26","Perempuan",21,"SMA/SMK",5,3,3,1,1,2,3,5,5,4,3,4,5,3,5,3,3,3,5,1,7,1,7,1,7,1,7,1,7,3,5,4,4,39.0,27.0,33
"02/05/2021 21:27","Perempuan",23,"SMA/SMK",5,4,4,4,4,4,4,5,4,3,3,4,3,3,4,2,1,3,3,2,6,1,7,1,7,1,7,1,7,3,5,1,7,48.0,19.0,34
"02/05/2021 21:27","Perempuan",32,"D3",3,2,6,5,2,4,1,2,2,1,1,3,5,4,3,5,5,5,5,3,5,1,7,1,7,1,7,1,7,1,7,1,7,32.0,32.0,23
"02/05/2021 21:43","Perempuan",38,"D3",6,6,6,6,6,6,6,6,6,4,6,4,4,4,3,3,3,3,3,4,4,4,4,4,4,4,4,4,4,4,4,4,4,68.0,23.0,84
"02/05/2021 22:36","Perempuan",25,"SMA/SMK",6,4,5,5,4,5,5,5,4,4,5,5,4,3,3,4,3,4,3,4,4,3,5,3,5,4,4,4,4,4,4,4,4,57.0,24.0,79
"02/05/2021 22:40","Perempuan",22,"SMA/SMK",7,6,5,5,6,6,6,7,7,5,7,5,5,3,2,1,3,5,3,3,5,1,7,1,7,1,7,1,7,1,7,5,3,72.0,22.0,23
"02/05/2021 23:58","Perempuan",22,"SMA/SMK",5,2,4,4,4,5,4,6,4,2,4,4,1,4,2,3,3,3,3,3,5,2,6,2,6,2,6,2,6,2,6,4,4,48.0,19.0,43
"02/06/2021 00:17","Perempuan",20,"SMA/SMK",4,5,3,3,3,4,3,3,3,2,2,3,3,2,3,2,2,2,2,2,6,2,6,2,6,2,6,1,7,2,6,4,4,38.0,16.0,37
"02/06/2021 00:33","Perempuan",20,"SMA/SMK",4,4,6,6,6,5,5,5,5,5,4,5,4,4,3,3,4,3,4,1,7,1,7,1,7,1,7,1,7,1,7,2,6,60.0,25.0,21
"02/06/2021 00:35","Laki-laki",22,"SMA/SMK",7,4,7,6,7,7,7,7,3,2,4,7,5,2,2,4,5,5,5,4,4,7,1,6,2,7,1,7,1,1,7,1,7,68.0,28.0,105
"02/06/2021 01:49","Perempuan",22,"S1",3,2,2,2,2,4,5,5,2,2,5,4,3,2,2,3,5,5,5,5,3,3,5,5,3,5,3,7,1,7,1,1,7,38.0,25.0,123
"02/06/2021 02:12","Perempuan",21,"SMA/SMK",4,5,4,6,5,5,5,6,4,2,4,4,3,4,3,3,3,4,4,4,4,1,7,1,7,2,6,4,4,4,4,4,4,54.0,24.0,61
"02/06/2021 02:43","Perempuan",20,"SMA/SMK",6,5,6,5,4,5,5,6,6,3,3,6,2,5,5,2,1,2,2,1,7,1,7,1,7,1,7,1,7,3,5,7,1,60.0,19.0,33
"02/06/2021 06:51","Perempuan",30,"S2",7,7,7,7,7,6,7,7,3,6,5,7,2,4,2,3,2,2,2,1,7,1,7,1,7,1,7,1,7,2,6,6,2,76.0,17.0,27
"02/06/2021 07:52","Perempuan",23,"S1",2,1,2,1,1,5,2,4,2,1,1,1,5,1,5,1,1,1,5,1,7,1,7,1,7,1,7,1,7,1,7,1,7,23.0,19.0,21
"02/06/2021 07:57","Perempuan",32,"D3",3,2,6,5,2,4,1,2,2,1,1,3,5,4,3,5,5,5,5,3,5,1,7,1,7,1,7,1,7,1,7,1,7,32.0,32.0,23
"02/06/2021 08:24","Laki-laki",19,"D3",7,7,7,4,4,6,7,5,4,4,4,6,5,5,3,4,3,4,3,1,7,1,7,1,7,1,7,1,7,1,7,7,1,65.0,27.0,21
"02/06/2021 08:57","Laki-laki",20,"S1",7,5,6,6,5,7,6,6,6,6,6,7,5,3,4,3,1,5,4,2,6,1,7,2,6,3,5,3,5,2,6,2,6,73.0,25.0,49
"02/06/2021 08:58","Perempuan",20,"SMA/SMK",4,4,5,5,4,4,5,4,3,4,3,3,3,2,4,3,1,3,3,1,7,1,7,1,7,1,7,1,7,1,7,4,4,48.0,19.0,21
"02/06/2021 08:59","Perempuan",21,"SMA/SMK",6,6,6,6,6,6,7,7,7,5,6,6,2,4,4,2,3,3,3,2,6,1,7,1,7,1,7,1,7,4,4,7,1,74.0,21.0,40
"02/06/2021 08:59","Perempuan",22,"SMA/SMK",7,5,6,6,6,7,6,6,4,7,7,6,3,4,4,4,4,5,5,4,4,4,4,4,4,2,6,4,4,4,4,4,4,73.0,29.0,76
"02/06/2021 08:59","Perempuan",23,"S1",6,7,6,4,3,5,7,6,4,1,1,4,1,5,5,3,3,4,5,1,7,1,7,2,6,1,7,1,7,3,5,6,2,54.0,26.0,36
"02/06/2021 09:00","Perempuan",23,"S1",6,5,5,6,6,7,6,6,6,5,5,7,1,3,4,3,3,4,3,4,4,2,6,2,6,2,6,2,6,2,6,7,1,70.0,21.0,44
"02/06/2021 09:00","Laki-laki",23,"S1",6,5,5,5,5,6,6,6,3,3,3,3,4,5,5,5,4,4,2,1,7,1,7,1,7,1,7,1,7,4,4,5,3,56.0,29.0,39
"02/06/2021 09:03","Perempuan",22,"SMA/SMK",7,7,7,7,7,7,7,7,7,2,5,5,5,5,3,1,3,5,3,1,7,1,7,1,7,1,7,1,7,1,7,7,1,75.0,25.0,21
"02/06/2021 09:05","Perempuan",21,"S1",3,4,6,5,4,6,6,6,4,5,5,6,3,2,2,2,3,4,3,2,6,1,7,1,7,1,7,1,7,3,5,4,4,60.0,19.0,34
"02/06/2021 09:13","Perempuan",19,"SMA/SMK",2,4,6,3,3,4,5,5,4,3,3,4,2,3,2,3,5,5,4,3,5,2,6,2,6,2,6,2,6,4,4,2,6,46.0,24.0,55
"02/06/2021 09:13","Perempuan",22,"S1",2,3,5,4,4,3,6,5,4,3,3,6,2,2,3,2,2,2,2,5,3,5,3,5,3,5,3,2,6,3,5,5,3,48.0,15.0,78
"02/06/2021 09:25","Perempuan",22,"S1",3,4,7,4,6,4,6,5,4,3,3,2,3,3,3,3,3,3,3,2,6,1,7,1,7,2,6,2,6,4,4,4,4,51.0,21.0,49
"02/06/2021 09:34","Perempuan",21,"D3",4,5,4,4,4,3,4,4,4,4,4,3,3,3,4,2,2,2,3,1,7,1,7,1,7,1,7,1,7,1,7,7,1,47.0,19.0,21
"02/06/2021 09:52","Perempuan",24,"S1",3,2,2,4,2,2,4,4,2,2,2,2,4,5,4,3,1,3,2,2,6,1,7,1,7,1,7,1,7,1,7,1,7,31.0,22.0,22
"02/06/2021 10:00","Perempuan",23,"S1",7,7,6,5,7,7,4,7,5,2,4,4,1,5,3,3,3,5,2,1,7,1,7,1,7,1,7,1,7,1,7,1,7,65.0,22.0,21
"02/06/2021 10:01","Perempuan",23,"S1",5,4,5,6,6,7,7,7,4,5,5,6,4,3,4,4,3,4,4,2,6,2,6,3,5,3,5,3,5,3,5,3,5,67.0,26.0,60
"02/06/2021 10:06","Perempuan",19,"SMA/SMK",4,6,4,3,4,5,6,4,4,2,3,3,2,2,4,3,1,4,3,1,7,1,7,1,7,3,5,1,7,3,5,7,1,48.0,19.0,41
"02/06/2021 10:12","Perempuan",18,"SMA/SMK",4,4,3,3,3,4,4,4,7,5,4,4,1,4,4,3,1,4,3,1,7,1,7,1,7,1,7,1,7,1,7,1,7,49.0,20.0,21
"02/06/2021 11:19","Perempuan",22,"D3",5,5,4,4,5,4,4,4,4,4,4,4,2,3,5,4,3,4,3,2,6,3,5,3,5,2,6,4,4,3,5,7,1,51.0,24.0,63
"02/06/2021 11:22","Perempuan",21,"SMA/SMK",3,3,3,5,5,5,6,6,5,3,3,5,2,2,4,4,2,2,2,3,5,1,7,1,7,1,7,2,6,2,6,5,3,52.0,18.0,34
"02/06/2021 13:05","Perempuan",21,"SMA/SMK",4,5,3,4,3,5,5,4,4,3,4,4,2,3,3,2,1,3,2,1,7,1,7,1,7,1,7,1,7,2,6,7,1,48.0,16.0,27
"02/06/2021 13:23","Perempuan",21,"SMA/SMK",3,2,4,3,3,3,3,3,3,2,3,2,1,2,2,4,3,4,3,3,5,3,5,4,4,5,3,5,3,3,5,4,4,34.0,19.0,84
"02/06/2021 13:48","Perempuan",20,"SMA/SMK",3,4,6,5,4,5,4,3,2,2,2,4,2,4,2,3,2,4,4,3,5,4,4,2,6,3,5,3,5,2,6,4,4,44.0,21.0,56
"02/06/2021 13:49","Perempuan",22,"SMA/SMK",4,5,5,4,4,5,4,4,4,5,6,5,1,1,3,3,4,5,5,2,6,2,6,2,6,2,6,4,4,4,4,5,3,55.0,22.0,64
"02/06/2021 14:13","Perempuan",27,"S2",5,5,5,6,7,7,7,6,4,4,5,4,2,3,3,3,2,5,3,2,6,2,6,2,6,2,6,2,6,2,6,5,3,65.0,21.0,42
"02/06/2021 15:29","Perempuan",22,"SMA/SMK",5,6,3,3,4,2,3,4,3,6,4,4,5,4,4,3,2,5,3,2,6,1,7,1,7,1,7,1,7,2,6,7,1,47.0,26.0,28
"02/06/2021 15:48","Perempuan",22,"SMA/SMK",2,2,4,4,4,5,5,5,4,4,5,4,2,2,3,3,4,3,3,4,4,3,5,2,6,2,6,2,6,4,4,4,4,48.0,20.0,58
"02/06/2021 16:24","Perempuan",21,"SMA/SMK",2,2,2,2,4,1,2,2,2,4,2,1,4,3,3,4,2,2,3,4,4,2,6,2,6,4,4,3,5,2,6,6,2,26.0,21.0,57
"02/06/2021 17:30","Perempuan",21,"S1",4,3,3,3,3,3,3,3,3,3,3,2,4,3,3,1,1,1,2,3,5,1,7,1,7,2,6,1,7,1,7,4,4,36.0,15.0,27
"02/06/2021 18:26","Laki-laki",20,"SMA/SMK",7,7,6,6,5,6,7,6,7,6,7,6,2,3,3,3,3,4,4,2,6,2,6,2,6,3,5,1,7,2,6,3,5,76.0,22.0,41
"02/06/2021 18:49","Perempuan",21,"SMA/SMK",7,7,7,7,7,7,7,7,6,1,7,7,5,4,4,5,5,5,5,5,3,4,4,4,4,4,4,6,2,6,2,7,1,77.0,33.0,107
"02/06/2021 19:23","Perempuan",19,"SMA/SMK",7,6,6,7,6,7,7,7,7,7,7,7,1,4,2,3,4,3,3,3,5,1,7,1,7,1,7,3,5,3,5,3,5,81.0,20.0,45
"02/06/2021 22:06","Perempuan",20,"SMA/SMK",1,1,5,1,4,3,3,4,1,4,2,2,2,4,1,1,1,1,1,1,7,1,7,1,7,1,7,1,7,1,7,7,1,31.0,11.0,21
"02/07/2021 09:12","Perempuan",23,"S1",7,5,5,5,7,7,6,6,1,3,5,7,1,4,3,1,4,5,4,5,3,2,6,2,6,3,5,4,4,2,6,7,1,64.0,22.0,59
"02/07/2021 10:22","Perempuan",21,"SMA/SMK",2,3,4,4,3,3,3,3,3,4,4,4,1,2,3,1,1,1,2,4,4,1,7,1,7,1,7,1,7,1,7,6,2,40.0,11.0,24
"02/07/2021 22:57","Perempuan",21,"SMA/SMK",5,3,4,2,3,4,4,3,2,2,3,2,2,4,2,2,2,3,2,4,4,1,7,2,6,2,6,3,5,4,4,4,4,37.0,17.0,59
"02/08/2021 15:42","Perempuan",21,"SMA/SMK",4,3,3,3,2,3,3,3,5,3,2,2,1,4,4,1,2,2,3,1,7,1,7,1,7,1,7,1,7,1,7,1,7,36.0,17.0,21
"02/08/2021 18:06","Perempuan",25,"S1",6,5,6,4,5,5,2,6,2,3,6,6,1,1,4,1,1,3,3,2,6,1,7,1,7,1,7,1,7,1,7,1,7,56.0,14.0,22
"02/08/2021 18:55","Perempuan",19,"S1",6,4,5,3,3,4,6,5,1,2,4,5,2,2,3,2,1,3,2,1,7,1,7,1,7,1,7,1,7,4,4,4,4,48.0,15.0,39
"02/08/2021 18:57","Perempuan",21,"SMA/SMK",5,4,5,4,3,5,6,6,4,4,6,6,3,4,3,3,3,2,3,3,5,2,6,2,6,3,5,3,5,4,4,4,4,58.0,21.0,64
"02/08/2021 19:08","Laki-laki",18,"SMA/SMK",6,4,4,2,2,5,3,5,5,4,4,4,1,2,2,2,2,2,3,3,5,1,7,2,6,3,5,3,5,1,7,1,7,48.0,14.0,44
